{
  "button":
  {
    "colours":
    {
      "normal_bg": "#25292e",
      "hovered_bg": "#35393e",
      "disabled_bg": "#25292e",
      "selected_bg": "#25292e",
      "active_bg": "#25292e",
      "normal_text": "#d5dbe8",
      "hovered_text": "#FFFFFF",
      "selected_text": "#FFFFFF",
      "disabled_text": "#6d736f",
      "active_text": "#6d736f",
      "normal_border": "#AAAAAA",
      "hovered_border": "#B0B0B0",
      "disabled_border": "#808080",
      "selected_border": "#8080B0",
      "active_border": "#8080B0"
    },
    "font":
    {
      "name": "calibri",
      "size": "32",
      "bold": "0",
      "italic": "0",
      "regular_path" : "fonts/Calibri-Regular.ttf"
    },
    "misc":
    {
      "border_width": "1",
      "shadow_width": "1",
      "tool_tip_delay": "1.0",
      "text_horiz_alignment": "center",
      "text_vert_alignment": "center",
      "text_horiz_alignment_padding": "10",
      "text_vert_alignment_padding": "5",
      "state_transitions":
      {
        "normal_hovered": "0.5",
        "hovered_normal": "0.5"
      }
    }
  }
}
