{
  "label":
  {
    "colours":
    {
      "normal_bg": "#00000000",
      "dark_bg": "#00000000",
      "normal_text": "#00FF00",
      "normal_border": "#AAAAAA00"
    },
    "font":
    {
      "name": "calibri",
      "size": "48",
      "bold": "0",
      "italic": "0",
      "regular_path" : "fonts/Calibri-Regular.ttf"
    },
    "misc":
    {
      "border_width": "1",
      "shadow_width": "1",
      "text_horiz_alignment": "center",
      "text_vert_alignment": "center",
      "text_horiz_alignment_padding": "10",
      "text_vert_alignment_padding": "5"
    }
  }
}
